Date,Open,High,Low,Close,Adj Close,Volume,compound,Count
2019-10-28,,,,,,,0.20595652173913043,23
2019-10-29,,,,,,,0.2717432432432433,74
2019-10-30,,,,,,,0.18512089552238806,67
2019-10-31,,,,,,,0.14814179104477612,68
2019-11-01,,,,,,,0.19768484848484846,66
2019-11-04,,,,,,,0.1590571428571428,77
2019-11-05,,,,,,,0.2446910112359552,90
2019-11-06,,,,,,,0.1702244186046511,86
2019-11-07,,,,,,,0.24699999999999997,93
2019-11-08,,,,,,,0.2400795180722892,84
2019-11-11,,,,,,,0.18401648351648364,91
2019-11-12,,,,,,,0.23178793103448286,116
2019-11-13,,,,,,,0.18255337423312876,165
2019-11-14,,,,,,,0.3077509316770187,161
2019-11-15,,,,,,,0.16095999999999996,71
2019-11-18,,,,,,,0.2903948717948717,79
2019-11-19,,,,,,,0.24320927835051553,98
2019-11-20,,,,,,,0.1843889763779527,127
2019-11-21,,,,,,,0.2377650000000001,101
2019-11-22,,,,,,,0.1914144444444444,90
2019-11-25,,,,,,,0.27823571428571425,70
2019-11-26,,,,,,,0.13916448598130843,107
2019-11-27,,,,,,,0.4290207792207792,77
2019-11-28,,,,,,,0.2900725274725274,91
2019-11-29,,,,,,,0.2776988372093024,86
2019-12-02,,,,,,,0.31459230769230767,105
2019-12-03,,,,,,,0.3361414414414415,111
2019-12-04,,,,,,,0.35000693069306926,101
2019-12-05,,,,,,,0.16218271604938267,82
2019-12-06,,,,,,,0.258878350515464,97
2019-12-09,,,,,,,0.15399027777777777,72
2019-12-10,,,,,,,0.23145454545454547,89
2019-12-11,,,,,,,0.2353291139240506,79
2019-12-12,,,,,,,0.14763246753246753,77
2019-12-13,,,,,,,0.2576491803278689,61
2019-12-16,,,,,,,0.16952897196261676,107
2019-12-17,,,,,,,0.22725300000000004,100
2019-12-18,,,,,,,0.26281200000000005,100
2019-12-19,,,,,,,0.2026114754098361,61
2019-12-20,,,,,,,0.29496136363636366,88
2019-12-23,,,,,,,0.18538651685393265,89
2019-12-24,,,,,,,0.2648277777777778,54
2019-12-25,,,,,,,0.23358518518518523,28
2019-12-26,,,,,,,0.33069803921568613,51
2019-12-27,,,,,,,-0.0018722222222222443,18
2019-12-30,,,,,,,0.12561818181818182,11
2019-12-31,,,,,,,0.2635932432432432,75
2020-01-01,,,,,,,0.37579230769230726,143
2020-01-02,,,,,,,0.31008936170212764,94
2020-01-03,,,,,,,0.21868028169014095,71
2020-01-06,,,,,,,0.19941862745098038,102
2020-01-07,,,,,,,0.15279780219780217,91
2020-01-08,,,,,,,0.23188793103448282,58
2020-01-09,,,,,,,0.15168400000000004,75
2020-01-10,,,,,,,0.016384210526315786,38
2020-01-13,,,,,,,0.41506754385964884,114
2020-01-14,,,,,,,0.47872462686567113,134
2020-01-15,,,,,,,0.14516336633663368,102
2020-01-16,,,,,,,0.39859446153845945,326
2020-01-17,,,,,,,0.3275329004328994,231
2020-01-20,,,,,,,0.1942656250000001,96
2020-01-21,,,,,,,0.3076929824561404,114
2020-01-22,,,,,,,0.216825,68
2020-01-23,,,,,,,0.11052803738317754,107
2020-01-24,483.0,483.0,483.0,483.0,483.0,0.0,0.12527789473684214,95
2020-01-27,,,,,,,0.2218166666666667,102
2020-01-28,,,,,,,0.11390000000000003,80
2020-01-29,,,,,,,0.04001338028169016,142
2020-01-30,,,,,,,0.23451264367816096,87
2020-01-31,,,,,,,0.3293367924528304,106
2020-02-03,,,,,,,0.24481549295774646,72
2020-02-04,,,,,,,0.1905888888888889,83
2020-02-05,,,,,,,0.25232428571428583,72
2020-02-06,,,,,,,0.13683928571428572,56
2020-02-07,,,,,,,0.12368857142857141,70
2020-02-10,,,,,,,0.21861750000000008,80
2020-02-11,,,,,,,0.2498642857142858,112
2020-02-12,,,,,,,0.20386562500000002,97
2020-02-13,,,,,,,0.17884716981132073,106
2020-02-14,,,,,,,0.14529772727272725,88
2020-02-17,,,,,,,0.09723450704225339,142
2020-02-18,,,,,,,0.1944896103896104,77
2020-02-19,,,,,,,0.19041583333333328,120
2020-02-20,,,,,,,0.2573494252873563,87
2020-02-21,,,,,,,0.21293157894736842,114
2020-02-24,,,,,,,0.33912500000000007,92
2020-02-25,,,,,,,0.30758901098901104,91
2020-02-26,,,,,,,0.12874,80
2020-02-27,,,,,,,-0.010223239436619711,142
2020-02-28,,,,,,,0.10263111111111108,90
2020-03-02,,,,,,,0.1373835616438356,73
2020-03-03,,,,,,,0.27683333333333343,124
2020-03-04,,,,,,,0.22245000000000006,114
2020-03-05,,,,,,,0.12603781512605042,119
2020-03-06,,,,,,,0.2265634408602152,93
2020-03-09,,,,,,,0.25307692307692303,78
2020-03-10,,,,,,,0.2056611111111111,108
2020-03-11,,,,,,,0.10213589743589745,78
2020-03-12,,,,,,,0.0644178082191781,74
2020-03-13,,,,,,,0.28132105263157897,76
2020-03-16,,,,,,,0.29130714285714304,141
2020-03-17,,,,,,,0.22655925925925918,162
2020-03-18,,,,,,,0.21908404255319147,94
2020-03-19,,,,,,,0.2684529411764706,51
2020-03-20,,,,,,,0.1536398058252427,103
2020-03-23,,,,,,,0.19976521739130443,71
2020-03-24,,,,,,,0.20858918918918923,74
2020-03-25,,,,,,,0.20484756097560974,82
2020-03-26,,,,,,,0.06878924731182796,93
2020-03-27,,,,,,,0.11160465116279071,86
2020-03-30,,,,,,,0.13823070175438604,114
2020-03-31,,,,,,,0.14595977011494252,87
2020-04-01,,,,,,,0.2893846774193546,124
2020-04-02,,,,,,,0.2381639175257732,98
2020-04-03,,,,,,,0.24094086956521737,116
2020-04-06,,,,,,,0.22927951807228908,84
2020-04-07,,,,,,,0.061936666666666654,120
2020-04-08,,,,,,,0.13446875,161
2020-04-09,,,,,,,0.16290096153846148,104
2020-04-10,,,,,,,0.14877878787878787,99
2020-04-13,,,,,,,0.13062434782608692,116
2020-04-14,,,,,,,0.14875413533834586,135
2020-04-15,,,,,,,0.1394736363636364,110
2020-04-16,,,,,,,0.23918029197080307,138
2020-04-17,,,,,,,0.20160898876404498,93
2020-04-20,,,,,,,0.265843,101
2020-04-21,,,,,,,0.21800183486238528,109
2020-04-22,,,,,,,0.11525547445255477,137
2020-04-23,,,,,,,0.2214093023255814,43
2020-04-24,,,,,,,0.21689058823529403,85
2020-04-27,,,,,,,0.20867938931297714,131
2020-04-28,,,,,,,0.12499892473118282,93
2020-04-29,,,,,,,0.2163989898989899,99
2020-04-30,,,,,,,0.2571650793650792,127
2020-05-01,,,,,,,0.24695217391304322,207
2020-05-04,,,,,,,0.2236448979591837,98
2020-05-05,,,,,,,0.11457377049180327,122
2020-05-06,,,,,,,0.1660256410256411,117
2020-05-07,,,,,,,0.21359243697479005,119
2020-05-08,,,,,,,0.22807961165048543,103
2020-05-11,,,,,,,0.1395714285714285,119
2020-05-12,,,,,,,0.3846672413793101,116
2020-05-13,,,,,,,0.4663968325791858,221
2020-05-14,,,,,,,0.3606709219858157,141
2020-05-15,,,,,,,0.1171329113924051,79
2020-05-18,,,,,,,0.28327777777777774,126
2020-05-19,,,,,,,0.24882476190476194,106
2020-05-20,,,,,,,0.18332755905511816,127
2020-05-21,,,,,,,0.20393177083333347,194
2020-05-22,,,,,,,0.20793313253012066,169
2020-05-25,,,,,,,0.17609894736842108,95
2020-05-26,,,,,,,0.2772753424657535,147
2020-05-27,,,,,,,0.18073333333333327,99
2020-05-28,,,,,,,0.22731206896551728,117
2020-05-29,,,,,,,0.38731472081218304,198
2020-06-01,,,,,,,0.23265526315789475,114
2020-06-02,,,,,,,0.27468055555555554,109
2020-06-03,,,,,,,0.10260373831775696,107
2020-06-04,,,,,,,0.19885350877192987,114
2020-06-05,,,,,,,0.21665045045045056,111
2020-06-08,,,,,,,0.14803448275862066,87
2020-06-09,,,,,,,0.151172,75
2020-06-10,,,,,,,0.22217611940298512,134
2020-06-11,,,,,,,0.2021863354037267,161
2020-06-12,,,,,,,0.20984905660377362,106
2020-06-15,,,,,,,-0.03658035714285712,169
2020-06-16,,,,,,,0.2947970297029704,102
2020-06-17,,,,,,,0.19306428571428577,112
2020-06-18,,,,,,,0.14330625000000005,96
2020-06-19,,,,,,,0.011093073593073495,232
2020-06-22,,,,,,,0.2020623188405797,138
2020-06-23,,,,,,,0.15179333333333328,135
2020-06-24,,,,,,,0.25987954545454534,176
2020-06-25,,,,,,,-0.14204782608695624,230
2020-06-26,,,,,,,-0.006327317073170729,206
2020-06-29,,,,,,,0.17614197530864195,81
2020-06-30,,,,,,,0.11252117647058822,85
2020-07-01,,,,,,,0.15673398692810458,153
2020-07-02,,,,,,,0.1579977011494253,87
2020-07-03,,,,,,,0.24713076923076918,104
2020-07-06,,,,,,,0.22239500000000004,60
2020-07-07,,,,,,,0.27766991150442477,114
2020-07-08,,,,,,,0.11015182481751827,137
2020-07-09,,,,,,,0.15637795275590555,127
2020-07-10,,,,,,,0.30433529411764704,119
2020-07-13,,,,,,,0.06185272727272729,110
2020-07-14,,,,,,,0.09097007874015749,128
2020-07-15,,,,,,,0.1369071428571429,42
2020-07-16,,,,,,,-0.005656451612903226,124
2020-07-17,,,,,,,0.08340526315789475,133
2020-07-20,,,,,,,0.2842113475177305,141
2020-07-21,,,,,,,0.3203035714285714,140
2020-07-22,,,,,,,0.2810132231404958,121
2020-07-23,,,,,,,0.25199203187250996,252
2020-07-24,,,,,,,0.2002756756756756,111
2020-07-27,,,,,,,0.11216964285714288,56
2020-07-28,,,,,,,0.24664829931972798,147
2020-07-29,,,,,,,0.11802578947368425,191
2020-07-30,,,,,,,0.22821465517241468,353
2020-07-31,,,,,,,0.36789411764705876,119
2020-08-03,,,,,,,0.2881321782178206,202
2020-08-04,,,,,,,0.1892811475409837,122
2020-08-05,,,,,,,0.18091916666666663,120
2020-08-06,,,,,,,0.261222807017544,171
2020-08-07,,,,,,,0.16422530120481926,83
2020-08-10,,,,,,,0.24920355029585786,170
2020-08-12,,,,,,,0.25095999999999996,180
2020-08-13,,,,,,,0.25677017543859626,172
2020-08-14,,,,,,,0.040814025974025954,390
2020-08-17,,,,,,,0.4102458620689641,290
2020-08-18,,,,,,,0.09125543859649121,285
2020-08-19,,,,,,,0.35352070063694147,315
2020-08-20,,,,,,,0.24382392638036812,163
2020-08-21,,,,,,,0.157334439834025,242
2020-08-24,,,,,,,0.018862121212121215,402
2020-08-25,,,,,,,0.09255235294117649,170
2020-08-26,,,,,,,0.08388526315789474,190
2020-08-27,,,,,,,0.19756645569620254,159
2020-08-28,,,,,,,0.1921761904761905,128
2020-08-31,,,,,,,0.14630486111111107,144
2020-09-01,,,,,,,0.23627088607594948,158
2020-09-02,,,,,,,0.22516583850931673,161
2020-09-03,,,,,,,0.24660548780487823,164
2020-09-04,,,,,,,0.02757846153846154,66
2020-09-07,,,,,,,0.2308927374301673,179
2020-09-08,,,,,,,0.24067530864197492,162
2020-09-09,,,,,,,0.2621980952380953,106
2020-09-10,,,,,,,0.14271923076923074,79
2020-09-11,,,,,,,0.23666814159292027,113
2020-09-14,,,,,,,0.2714994382022467,178
2020-09-15,,,,,,,0.3223571428571428,127
2020-09-16,,,,,,,0.2691931034482758,117
2020-09-17,,,,,,,0.2668603092783504,195
2020-09-18,,,,,,,0.21214932126696823,221
2020-09-21,,,,,,,0.447351086956522,185
2020-09-22,,,,,,,0.44286242424242417,165
2020-09-23,,,,,,,0.5118435714285718,141
2020-09-24,,,,,,,0.3294126666666667,151
2020-09-25,,,,,,,0.15041985294117644,136
2020-09-28,,,,,,,0.27810847457627114,177
2020-09-29,,,,,,,0.30075769230769234,209
2020-09-30,,,,,,,0.3038892561983469,121
2020-10-01,,,,,,,0.2835044776119402,134
2020-10-02,,,,,,,0.19187688172043024,186
2020-10-05,,,,,,,0.4115652173913044,69
2020-10-06,,,,,,,0.23381061946902643,115
2020-10-07,,,,,,,0.14498855421686743,169
2020-10-08,,,,,,,0.3132896907216489,194
2020-10-09,,,,,,,0.2906162499999998,80
2020-10-12,,,,,,,0.15892318840579703,207
2020-10-13,,,,,,,0.22665693069306914,203
2020-10-14,,,,,,,0.2293220779220779,154
2020-10-15,,,,,,,0.1591681818181818,132
2020-10-16,,,,,,,0.25355,153
2020-10-19,,,,,,,0.08007263513513513,299
2020-10-20,,,,,,,0.07753817567567571,298
2020-10-21,,,,,,,0.21882026143790845,153
2020-10-22,,,,,,,0.24125431034482772,116
2020-10-23,,,,,,,0.23300357142857145,112
2020-10-26,,,,,,,0.20035845070422534,142
2020-10-27,,,,,,,0.28775164835164846,92
2020-10-28,,,,,,,-0.027336464088397735,183
2020-10-29,,,,,,,-0.05055482233502534,197
2020-10-30,,,,,,,0.20673786407767,103
2020-11-02,,,,,,,0.2748884615384612,157
2020-11-03,,,,,,,0.14202941176470593,138
2020-11-04,,,,,,,0.1506333333333333,166
2020-11-05,,,,,,,0.24933178294573607,130
2020-11-06,,,,,,,0.22902616822429908,108
2020-11-09,,,,,,,0.2818595041322314,121
2020-11-10,,,,,,,0.2102504065040651,125
2020-11-11,,,,,,,0.134372131147541,122
2020-11-12,,,,,,,0.1521286821705427,129
2020-11-13,,,,,,,0.13038387096774195,125
2020-11-16,,,,,,,0.1878308943089431,124
2020-11-17,,,,,,,0.19269605263157902,152
2020-11-18,,,,,,,0.22698940397350986,151
2020-11-19,,,,,,,0.13058910256410267,156
2020-11-20,,,,,,,0.17300890410958905,146
2020-11-23,,,,,,,0.23370677966101688,118
2020-11-24,,,,,,,0.22188636363636366,110
2020-11-25,,,,,,,0.23234019607843137,102
2020-11-26,,,,,,,0.28210714285714283,112
2020-11-27,,,,,,,0.24526236559139786,93
2020-11-30,,,,,,,0.12022647058823531,102
2020-12-01,,,,,,,0.2812919463087247,149
2020-12-02,,,,,,,0.17976972477064218,109
2020-12-03,,,,,,,0.14075775862068965,116
2020-12-04,,,,,,,0.1473475806451613,124
2020-12-07,,,,,,,0.1002198113207547,106
2020-12-08,,,,,,,0.2304486725663717,113
2020-12-09,,,,,,,0.08240334728033478,240
2020-12-10,,,,,,,0.15167044334975371,204
2020-12-11,,,,,,,0.32465471698113196,159
2020-12-14,,,,,,,0.1763822033898306,119
2020-12-15,,,,,,,0.15604000000000004,145
2020-12-16,,,,,,,0.10345362318840584,138
2020-12-17,,,,,,,0.18705842696629194,271
2020-12-18,,,,,,,0.1929661016949152,178
2020-12-21,,,,,,,0.07223576642335766,137
2020-12-22,,,,,,,0.17688372093023266,129
2020-12-23,,,,,,,0.14006716417910445,144
2020-12-24,,,,,,,0.26614727272727273,111
2020-12-25,,,,,,,0.27830470588235307,85
2020-12-28,,,,,,,0.16516760563380278,71
2020-12-29,,,,,,,0.24759113924050638,79
2020-12-30,,,,,,,0.19967300000000002,100
2020-12-31,,,,,,,0.3461074468085108,94
2021-01-01,,,,,,,0.3248091666666664,120
2021-01-04,,,,,,,0.20799718309859155,71
2021-01-05,,,,,,,0.16398369565217397,92
2021-01-06,,,,,,,0.24983247863247868,118
2021-01-07,,,,,,,-0.0036404411764705776,136
2021-01-08,,,,,,,0.20775511363636368,176
2021-01-11,,,,,,,0.18873611111111122,146
2021-01-12,,,,,,,0.3521921686746986,166
2021-01-13,,,,,,,0.1429345070422535,142
2021-01-14,,,,,,,0.07830704225352116,142
2021-01-15,,,,,,,0.09263647798742139,160
2021-01-18,,,,,,,0.10457547169811318,106
2021-01-19,,,,,,,0.23969767441860462,88
2021-01-20,,,,,,,0.1751126865671641,134
2021-01-21,,,,,,,0.24285496183206112,133
2021-01-22,,,,,,,0.34191234567901213,163
2021-01-25,,,,,,,0.1739206896551724,116
2021-01-26,,,,,,,0.2382172413793104,116
2021-01-27,,,,,,,0.1039648936170213,189
2021-01-28,,,,,,,0.18886092715231786,151
2021-01-29,,,,,,,0.10936048780487805,206
2021-02-01,,,,,,,0.056925663716814165,113
2021-02-02,,,,,,,0.17709182389937111,159
2021-02-03,,,,,,,0.3277182481751822,137
2021-02-04,,,,,,,0.24265416666666648,144
2021-02-05,,,,,,,0.19774411764705882,68
2021-02-08,,,,,,,0.22947583333333335,120
2021-02-09,,,,,,,0.24732790697674426,86
2021-02-10,,,,,,,0.05800591397849464,187
2021-02-11,,,,,,,0.1651576576576576,112
2021-02-12,,,,,,,0.30567248322147644,149
2021-02-15,,,,,,,0.13482590361445776,166
2021-02-16,,,,,,,0.2035560975609756,123
2021-02-17,,,,,,,0.18413734939759036,168
2021-02-18,,,,,,,0.06954306930693072,202
2021-02-19,,,,,,,0.3249991071428572,113
2021-02-22,,,,,,,0.2508873015873017,126
2021-02-23,,,,,,,0.14232993197278918,148
2021-02-24,,,,,,,0.210716304347826,92
2021-02-25,,,,,,,0.24706354166666675,96
2021-02-26,,,,,,,0.1480278846153846,104
2021-03-01,,,,,,,0.2571406666666667,151
2021-03-02,,,,,,,0.1373295652173913,115
2021-03-03,,,,,,,0.13120532544378702,169
2021-03-04,,,,,,,0.18868654970760235,171
2021-03-05,,,,,,,0.1847456310679612,104
2021-03-08,,,,,,,0.15418703703703704,162
2021-03-09,,,,,,,0.2982104166666665,144
2021-03-10,,,,,,,0.35762800000000006,150
2021-03-11,,,,,,,0.15604969325153378,166
2021-03-12,,,,,,,0.20178348623853207,109
2021-03-15,,,,,,,0.1506905405405405,148
2021-03-16,,,,,,,0.13789999999999997,123
2021-03-17,,,,,,,0.09769999999999998,64
2021-03-18,,,,,,,0.22218194444444453,144
2021-03-19,,,,,,,0.12007741935483876,125
2021-03-22,,,,,,,0.17020260869565218,115
2021-03-23,,,,,,,0.2459666666666667,97
2021-03-24,,,,,,,0.16719333333333328,120
2021-03-25,,,,,,,0.08550731707317069,164
2021-03-26,,,,,,,0.10389358974358967,157
2021-03-29,,,,,,,0.24248625000000001,80
2021-03-30,,,,,,,0.22888602150537626,93
2021-03-31,,,,,,,0.2754646341463415,82
2021-04-01,,,,,,,0.17535804195804192,143
2021-04-02,,,,,,,0.14386331360946747,169
2021-04-05,,,,,,,0.2991877551020408,147
2021-04-06,,,,,,,0.4123031088082898,196
2021-04-07,,,,,,,0.40879790209790234,143
2021-04-08,,,,,,,0.3563849056603773,54
2021-04-09,,,,,,,0.10252173913043476,115
2021-04-12,,,,,,,0.21578493150684938,73
2021-04-13,,,,,,,0.16788585858585858,99
2021-04-14,,,,,,,0.2623217391304347,92
2021-04-15,,,,,,,0.25177125,80
2021-04-16,,,,,,,0.2973737226277371,138
2021-04-19,,,,,,,0.3216137614678899,109
2021-04-20,,,,,,,0.3979785425101206,247
2021-04-21,,,,,,,0.24792314049586786,121
2021-04-22,,,,,,,0.10293600000000001,75
2021-04-23,,,,,,,0.2830745098039215,51
2021-04-26,,,,,,,0.08484533333333334,75
2021-04-27,,,,,,,0.2335581818181817,55
2021-04-28,,,,,,,0.2918,44
2021-04-29,,,,,,,0.19510909090909082,154
2021-04-30,,,,,,,0.10460000000000008,117
2021-05-03,,,,,,,0.24767926829268289,82
2021-05-04,,,,,,,0.21332871287128713,101
2021-05-05,,,,,,,0.1980991596638656,119
2021-05-06,,,,,,,0.3268250000000001,84
2021-05-07,,,,,,,0.15671982758620692,116
2021-05-10,,,,,,,0.31109062499999995,128
2021-05-11,,,,,,,0.07188902439024382,82
2021-05-12,,,,,,,0.24099210526315798,114
2021-05-13,,,,,,,0.21615594405594413,143
2021-05-14,,,,,,,0.17294636363636362,110
2021-05-17,,,,,,,0.1861397435897435,78
2021-05-18,,,,,,,0.17231818181818176,121
2021-05-19,,,,,,,0.28374204545454557,88
2021-05-20,,,,,,,0.19381836734693877,98
2021-05-21,,,,,,,0.1871514851485149,102
2021-05-24,,,,,,,0.16201013824884813,217
2021-05-25,,,,,,,0.202580291970803,137
2021-05-26,,,,,,,0.1761044642857142,113
2021-05-27,,,,,,,0.24357462686567155,134
2021-05-28,,,,,,,0.228565,120
2021-05-31,,,,,,,0.24199550561797753,89
2021-06-01,,,,,,,0.21141894736842098,95
2021-06-02,,,,,,,0.293683908045977,87
2021-06-03,,,,,,,0.2607586666666666,75
2021-06-04,,,,,,,0.2667733333333333,75
2021-06-07,,,,,,,0.1197757575757576,67
2021-06-08,,,,,,,0.19744471544715433,123
2021-06-09,,,,,,,0.14695510204081638,147
2021-06-10,,,,,,,0.09833311258278145,152
2021-06-11,,,,,,,0.21838032786885248,122
2021-06-14,,,,,,,0.2632372340425531,94
2021-06-15,,,,,,,0.19876499999999997,121
2021-06-16,,,,,,,0.16454363636363642,55
2021-06-17,,,,,,,0.2302000000000001,65
2021-06-18,,,,,,,0.15590503597122302,141
2021-06-21,,,,,,,0.27732408759124083,137
2021-06-22,,,,,,,0.19220630630630633,111
2021-06-23,,,,,,,0.18322886597938154,97
2021-06-24,,,,,,,0.2569081395348837,86
2021-06-25,,,,,,,0.261408,100
2021-06-28,,,,,,,0.31680069930069915,145
2021-06-29,,,,,,,0.22520934579439247,107
2021-06-30,,,,,,,0.2551,113
2021-07-01,,,,,,,0.27462166666666676,60
2021-07-02,,,,,,,0.14841972789115657,148
2021-07-05,,,,,,,0.2578443298969073,98
2021-07-06,,,,,,,0.22813245614035085,114
2021-07-07,,,,,,,0.2676089430894308,123
2021-07-08,,,,,,,0.2526077464788732,142
2021-07-09,,,,,,,0.09400229885057451,87
2021-07-12,,,,,,,0.2536931297709923,131
2021-07-13,,,,,,,0.38920760869565224,92
2021-07-14,,,,,,,0.22527261904761908,84
2021-07-15,,,,,,,0.14838481012658228,79
2021-07-16,,,,,,,0.10187500000000012,188
2021-07-19,,,,,,,0.3832216666666667,60
2021-07-20,,,,,,,0.37247258064516126,62
2021-07-21,,,,,,,0.11374382022471911,178
2021-07-22,,,,,,,0.4579590277777782,145
2021-07-23,,,,,,,0.20732876712328766,74
2021-07-26,,,,,,,0.283659230769231,130
2021-07-27,,,,,,,0.4027833333333337,174
2021-07-28,,,,,,,0.3390358974358975,78
2021-07-29,,,,,,,0.240075294117647,85
2021-07-30,,,,,,,0.23773835616438357,147
2021-08-02,,,,,,,0.1718382513661202,184
2021-08-03,,,,,,,0.19294074074074077,162
2021-08-04,,,,,,,0.1522272,125
2021-08-05,,,,,,,0.18591340206185566,97
2021-08-06,,,,,,,0.12046640000000008,125
2021-08-09,,,,,,,0.14677549019607847,103
2021-08-10,,,,,,,0.36379999999999996,6
2021-08-11,,,,,,,0.17584,25
2021-08-12,,,,,,,0.12480535714285715,57
2021-08-13,,,,,,,0.3287894736842105,19
2021-08-16,,,,,,,0.13809178082191784,74
2021-08-17,,,,,,,0.256669696969697,33
2021-08-18,,,,,,,0.32093333333333335,9
2021-08-19,,,,,,,0.171575,12
2021-08-20,,,,,,,-0.05297027027027026,74
2021-08-23,,,,,,,0.08141639344262294,61
2021-08-24,,,,,,,0.2314074074074074,81
2021-08-25,,,,,,,0.3138180722891566,83
2021-08-26,,,,,,,0.27442666666666665,60
2021-08-27,,,,,,,0.191695744680851,95
2021-08-30,,,,,,,0.04127695652173916,231
2021-08-31,,,,,,,0.12496073059360745,219
2021-09-01,,,,,,,0.26344460431654676,139
2021-09-02,,,,,,,0.1506790476190476,105
2021-09-03,,,,,,,0.1394880733944954,110
2021-09-06,,,,,,,0.4530274509803921,51
2021-09-07,,,,,,,0.3269162499999984,243
2021-09-08,,,,,,,0.22141532846715337,137
2021-09-09,,,,,,,0.2747671428571429,140
2021-09-10,,,,,,,0.20600662650602405,166
2021-09-13,,,,,,,0.2396559782608694,185
2021-09-14,,,,,,,0.15903081761006288,159
2021-09-15,,,,,,,0.3128406976744185,86
2021-09-16,,,,,,,0.3463149122807019,114
2021-09-17,,,,,,,0.24760000000000004,145
2021-09-20,,,,,,,0.3168583333333333,120
2021-09-21,,,,,,,0.20526424242424252,166
2021-09-22,,,,,,,0.2946159090909091,89
2021-09-23,,,,,,,0.3531217821782178,101
2021-09-24,,,,,,,0.060430463576158944,306
2021-09-27,,,,,,,0.28262234636871497,179
2021-09-28,,,,,,,0.2965999999999999,102
2021-09-29,,,,,,,0.26778941176470583,85
2021-09-30,,,,,,,0.2835224719101124,89
2021-10-01,,,,,,,0.2743979797979797,99
2021-10-04,,,,,,,0.44205015479876086,327
2021-10-05,,,,,,,0.05305255474452555,281
2021-10-06,,,,,,,0.15982701149425285,175
2021-10-07,,,,,,,0.16369259259259253,81
2021-10-08,,,,,,,0.21002666666666667,91
2021-10-11,,,,,,,0.06535136363636364,222
2021-10-12,,,,,,,0.17476910994764389,191
2021-10-13,,,,,,,0.18248174603174602,128
2021-10-14,,,,,,,0.16944227642276427,124
2021-10-15,,,,,,,0.21026,75
2021-10-18,,,,,,,0.15237363636363632,110
2021-10-19,,,,,,,0.1901478723404256,95
2021-10-20,,,,,,,0.14551847133757959,158
2021-10-21,,,,,,,0.0752326164874552,283
2021-10-22,,,,,,,0.4518034482758618,203
2021-10-25,,,,,,,0.15967326732673265,102
2021-10-26,,,,,,,0.30215362318840583,69
2021-10-27,,,,,,,0.10951637931034483,116
2021-10-28,,,,,,,0.14470941176470584,85
2021-10-29,,,,,,,0.07980661764705883,136
2021-11-01,,,,,,,0.20635684931506848,146
2021-11-02,,,,,,,0.06417862595419849,131
2021-11-03,,,,,,,0.23472037037037038,54
2021-11-04,,,,,,,0.3168474747474748,99
2021-11-05,,,,,,,0.32250303030302874,272
2021-11-08,,,,,,,0.3388898305084743,121
2021-11-09,,,,,,,0.3624266233766238,154
2021-11-10,,,,,,,0.18971016949152542,60
2021-11-11,,,,,,,0.23590645161290325,94
2021-11-12,,,,,,,0.17998550724637682,69
2021-11-15,,,,,,,0.366175,8
2021-11-16,,,,,,,0.06799836065573771,61
2021-11-17,,,,,,,0.21339555555555556,45
2021-11-18,,,,,,,-0.10193333333333333,21
2021-11-19,,,,,,,0.25113870967741936,31
2021-11-22,,,,,,,0.12990588235294118,18
2021-11-23,,,,,,,0.4381024000000005,125
2021-11-24,,,,,,,0.32354444444444447,9
2021-11-25,,,,,,,0.2566852941176471,34
2021-11-26,,,,,,,0.30984736842105265,38
2021-11-29,,,,,,,0.1343777777777778,27
2021-11-30,,,,,,,0.08366076555023921,210
2021-12-01,,,,,,,0.171529,101
2021-12-02,,,,,,,0.06062327586206896,232
2021-12-03,,,,,,,0.19452571428571433,70
2021-12-06,,,,,,,0.2621312499999998,112
2021-12-07,,,,,,,0.2358013698630137,73
2021-12-08,,,,,,,0.32115904761904773,105
2021-12-09,,,,,,,0.18408421052631577,76
2021-12-10,,,,,,,0.013801428571428574,283
2021-12-13,,,,,,,0.2230416666666666,109
2021-12-14,,,,,,,0.15424920634920636,63
2021-12-15,,,,,,,0.21515436893203888,103
2021-12-16,,,,,,,0.2739946808510637,94
2021-12-17,,,,,,,0.17462087912087906,91
2021-12-20,,,,,,,0.16298437500000004,96
2021-12-21,,,,,,,0.2596271428571429,70
2021-12-22,,,,,,,0.1616205882352941,69
2021-12-23,,,,,,,0.16163073593073596,235
2021-12-24,,,,,,,0.07586244725738399,237
2021-12-27,,,,,,,0.11263800000000003,50
2021-12-28,,,,,,,0.21599863013698625,73
2021-12-29,,,,,,,0.01784161490683229,164
2021-12-30,,,,,,,0.15745777777777778,46
2021-12-31,,,,,,,0.7116564625850346,149
2022-01-03,,,,,,,0.1631071428571429,56
2022-01-04,,,,,,,0.168176404494382,89
2022-01-05,,,,,,,0.2430698795180722,83
2022-01-06,,,,,,,0.31599819819819824,111
2022-01-07,,,,,,,0.24456705882352944,85
2022-01-10,,,,,,,0.17768482142857142,112
2022-01-11,,,,,,,0.17987127659574462,94
2022-01-12,,,,,,,0.36611649484536085,97
2022-01-13,,,,,,,0.2099774647887324,71
2022-01-14,,,,,,,0.3585092105263159,153
2022-01-17,,,,,,,0.20011615384615386,131
2022-01-18,,,,,,,0.1251565789473684,152
2022-01-19,,,,,,,-0.11215738636363644,178
2022-01-20,,,,,,,0.4676701086956527,185
2022-01-21,,,,,,,0.02372038567493113,370
2022-01-24,,,,,,,0.07855445544554457,211
2022-01-25,,,,,,,0.010183720930232558,88
2022-01-26,,,,,,,0.19391328671328675,143
2022-01-27,,,,,,,0.19665416666666663,146
2022-01-28,,,,,,,0.06690412844036697,222
2022-01-31,,,,,,,0.18335740740740744,162
2022-02-01,,,,,,,0.1764844827586207,119
2022-02-02,,,,,,,0.21553250000000004,120
2022-02-03,,,,,,,0.2036643939393938,132
2022-02-04,,,,,,,0.1613025210084034,119
2022-02-07,,,,,,,0.17738444444444446,90
2022-02-08,,,,,,,0.1637142857142857,86
2022-02-09,,,,,,,0.20661999999999997,90
2022-02-10,,,,,,,0.11302499999999997,88
2022-02-11,,,,,,,0.09707046413502107,242
2022-02-14,,,,,,,0.250520634920635,127
2022-02-15,,,,,,,0.19695703125000005,128
2022-02-16,,,,,,,0.15163365384615385,105
2022-02-17,,,,,,,0.18653525179856106,140
2022-02-18,,,,,,,0.25604597701149434,90
2022-02-21,,,,,,,0.3379588888888886,90
2022-02-22,,,,,,,0.20215844155844157,77
2022-02-23,,,,,,,0.18722187500000004,68
2022-02-24,,,,,,,0.1000241935483871,62
2022-02-25,,,,,,,0.2713981132075472,53
2022-02-28,,,,,,,0.43357603305785075,244
2022-03-01,,,,,,,0.25133675213675205,117
2022-03-02,,,,,,,0.37403984375000005,129
2022-03-03,,,,,,,0.2508697674418604,86
2022-03-04,,,,,,,0.17988659793814435,97
2022-03-07,,,,,,,0.23683571428571432,70
2022-03-08,,,,,,,0.27772054794520534,76
2022-03-09,,,,,,,0.09051044776119402,68
2022-03-10,,,,,,,0.2198571428571428,56
2022-03-11,,,,,,,0.22440625,80
2022-03-14,,,,,,,0.24854210526315793,57
2022-03-15,,,,,,,0.07340972644376904,335
2022-03-16,,,,,,,0.10228936170212764,284
2022-03-17,,,,,,,0.22845125000000016,160
2022-03-18,,,,,,,0.044104787234042556,199
2022-03-21,,,,,,,0.32192844036697243,109
2022-03-22,,,,,,,0.2419841584158417,101
2022-03-23,,,,,,,0.21651282051282048,78
2022-03-24,,,,,,,0.20529423076923073,156
2022-03-25,,,,,,,0.11420714285714287,113
2022-03-28,,,,,,,0.14697328767123283,148
2022-03-29,,,,,,,0.14434230769230777,130
2022-03-30,,,,,,,0.528806885245902,308
2022-03-31,,,,,,,0.07426958762886596,394
2022-04-01,,,,,,,0.12455258620689652,233
2022-04-04,,,,,,,0.2520587412587413,143
2022-04-05,,,,,,,0.17988917197452228,161
2022-04-06,,,,,,,0.1152026865671642,344
2022-04-07,,,,,,,0.21855947712418308,153
2022-04-08,,,,,,,0.23669756097560973,82
2022-04-11,,,,,,,0.2814481132075472,108
2022-04-12,,,,,,,0.17862647058823533,102
2022-04-13,,,,,,,0.17344651162790697,86
2022-04-14,,,,,,,0.1605555555555556,90
2022-04-15,,,,,,,0.24217641509433963,107
2022-04-18,,,,,,,0.11205555555555552,108
2022-04-19,,,,,,,0.13802009569377982,210
2022-04-20,,,,,,,0.14852982456140346,171
2022-04-21,,,,,,,0.2174367924528302,108
2022-04-22,,,,,,,0.07784931506849307,73
2022-04-25,,,,,,,0.23052340425531911,94
2022-04-26,,,,,,,0.17746499999999998,40
2022-04-27,,,,,,,0.22706875,97
2022-04-28,,,,,,,0.15873220338983052,118
2022-04-29,,,,,,,0.18344090909090907,44
2022-05-02,,,,,,,0.17741447368421048,76
2022-05-03,,,,,,,0.3774238095238096,63
2022-05-04,,,,,,,0.3206737588652481,142
2022-05-05,,,,,,,0.28889999999999993,95
2022-05-06,,,,,,,0.21918735632183903,87
2022-05-09,,,,,,,0.4093950495049505,101
2022-05-10,,,,,,,0.30227070707070713,100
2022-05-11,,,,,,,-0.05174857142857143,35
2022-05-12,,,,,,,0.18423555555555554,95
2022-05-13,,,,,,,0.1981155844155844,77
2022-05-16,,,,,,,0.14523118811881186,202
2022-05-17,,,,,,,0.16684176470588233,175
2022-05-18,,,,,,,0.22192362204724406,127
2022-05-19,,,,,,,0.26543880597014935,134
2022-05-20,,,,,,,0.357429411764706,85
2022-05-23,,,,,,,0.09450612244897959,98
2022-05-24,,,,,,,0.15636575342465753,73
2022-05-25,,,,,,,0.26319390243902435,169
2022-05-26,,,,,,,0.325424812030075,134
2022-05-27,,,,,,,0.24260742574257396,202
2022-05-30,,,,,,,0.24646268656716416,67
2022-05-31,,,,,,,0.5125606382978719,287
2022-06-01,,,,,,,0.4221373913043477,115
2022-06-02,,,,,,,0.23741734693877545,99
2022-06-03,,,,,,,0.12467500000000001,112
2022-06-06,,,,,,,0.1719965517241379,58
2022-06-07,,,,,,,0.2349247311827957,94
2022-06-08,,,,,,,0.30915370370370354,108
2022-06-09,,,,,,,0.12365294117647059,17
2022-06-10,,,,,,,0.20785138888888888,72
2022-06-13,,,,,,,0.039903100775193864,129
2022-06-14,,,,,,,0.22737402597402592,77
2022-06-15,,,,,,,0.25556914285714283,176
2022-06-16,,,,,,,0.29946140350877193,57
2022-06-17,,,,,,,0.09655714285714281,91
2022-06-20,,,,,,,0.17692568807339445,109
2022-06-21,,,,,,,-0.11039012345679011,83
2022-06-22,,,,,,,0.16279354838709678,93
2022-06-23,,,,,,,0.17324333333333328,60
2022-06-24,,,,,,,0.24074268292682932,88
2022-06-27,,,,,,,0.23748035714285712,56
2022-06-28,,,,,,,0.335317441860465,86
2022-06-29,,,,,,,0.3194384615384614,39
2022-06-30,,,,,,,0.26638785046728963,114
2022-07-01,,,,,,,0.24270136986301377,73
2022-07-04,,,,,,,0.19022464788732396,142
2022-07-05,,,,,,,0.22565312500000004,129
2022-07-06,,,,,,,0.027986089238845147,389
2022-07-07,,,,,,,0.22289251700680268,149
2022-07-08,,,,,,,0.04176587030716723,299
2022-07-11,,,,,,,0.14840434782608697,118
2022-07-12,,,,,,,0.1510206896551724,30
2022-07-13,,,,,,,0.22790166666666672,120
2022-07-14,,,,,,,0.24756159420289864,138
2022-07-15,,,,,,,0.3524040816326533,147
2022-07-18,,,,,,,0.337786454183266,252
2022-07-19,,,,,,,0.2666121428571426,140
2022-07-20,,,,,,,0.24273472222222234,144
2022-07-21,,,,,,,0.23966944444444443,72
2022-07-22,,,,,,,0.11870000000000003,38
2022-07-25,,,,,,,0.28726736842105255,95
2022-07-26,,,,,,,0.19140156249999998,64
2022-07-27,,,,,,,0.08795526315789472,38
2022-07-28,,,,,,,0.19795471698113207,53
2022-07-29,,,,,,,0.23263461538461538,52
2022-08-01,,,,,,,0.3273806201550386,130
2022-08-02,,,,,,,0.3250423841059602,151
2022-08-03,,,,,,,0.06348144044321329,365
2022-08-04,,,,,,,0.08288168316831683,202
2022-08-05,,,,,,,0.15148285714285717,35
2022-08-08,,,,,,,0.26644274809160307,131
2022-08-09,,,,,,,0.16333107344632766,178
2022-08-10,,,,,,,0.29364016393442627,123
2022-08-11,,,,,,,0.28403220338983054,59
2022-08-12,,,,,,,0.15115714285714288,22
2022-08-15,,,,,,,0.27549684210526315,95
2022-08-16,,,,,,,0.161459693877551,196
2022-08-17,,,,,,,0.32842774193548385,155
2022-08-18,,,,,,,0.2399152173913043,46
2022-08-19,,,,,,,0.31144188034188014,117
2022-08-22,,,,,,,0.24945347593582887,187
2022-08-23,,,,,,,0.14467254901960783,102
2022-08-24,,,,,,,0.2063435754189945,179
2022-08-25,,,,,,,0.011175862068965517,413
2022-08-26,,,,,,,0.057098936170212757,95
2022-08-29,,,,,,,0.23404464285714285,58
2022-08-30,,,,,,,0.2474655405405405,148
2022-08-31,,,,,,,0.2566007042253522,142
2022-09-01,,,,,,,0.27056917293233074,133
2022-09-02,,,,,,,0.22539846153846155,130
2022-09-05,,,,,,,0.01448938679245283,443
2022-09-06,,,,,,,0.09309558232931725,250
2022-09-07,,,,,,,0.36300567010309287,195
2022-09-08,,,,,,,0.2520801282051282,156
2022-09-09,,,,,,,0.2959876190476191,105
2022-09-12,,,,,,,0.21681315789473676,152
2022-09-13,,,,,,,0.2199114649681528,158
2022-09-14,,,,,,,0.3084619047619048,42
2022-09-15,,,,,,,0.3479816513761465,109
2022-09-16,,,,,,,0.3171097560975609,124
2022-09-19,,,,,,,0.2772451612903224,125
2022-09-20,,,,,,,0.25353095238095236,42
2022-09-21,,,,,,,0.30177551020408155,49
2022-09-22,,,,,,,0.3418813725490195,102
2022-09-23,,,,,,,0.10030737179487179,324
2022-09-26,,,,,,,0.33841149999999964,200
2022-09-27,,,,,,,0.3043730593607306,219
2022-09-28,,,,,,,0.23714349593495923,247
2022-09-29,,,,,,,0.34323131313131316,99
2022-09-30,,,,,,,0.30164833333333324,122
2022-10-03,,,,,,,0.32764569536423843,151
2022-10-04,,,,,,,0.3143209302325581,87
2022-10-05,,,,,,,0.37245999999999996,30
2022-10-06,,,,,,,0.4085853211009173,109
2022-10-07,,,,,,,0.45518481012658213,80
2022-10-10,,,,,,,0.26228627450980374,153
2022-10-11,,,,,,,0.015735817307692305,439
2022-10-12,,,,,,,0.10845698924731187,281
2022-10-13,,,,,,,0.2054141176470587,171
2022-10-14,,,,,,,0.23672094594594595,148
2022-10-17,,,,,,,0.3935073529411764,68
2022-10-18,,,,,,,0.3423360655737703,122
2022-10-19,,,,,,,0.28431240875912384,137
2022-10-20,,,,,,,0.05158619528619527,299
2022-10-21,,,,,,,0.17802477876106193,115
2022-10-24,,,,,,,0.35433401360544187,148
2022-10-25,,,,,,,0.3116609467455617,169
2022-10-26,,,,,,,0.29378114285714285,176
2022-10-27,,,,,,,0.2725408536585363,164
